name,type,genre,link
2026 International Jazz Day All-Star Global Concert — Chicago,Full concert,,https://www.youtube.com/watch?v=y86vl1cpNsg
Afro House Mix 2026,DJ mix,,https://www.youtube.com/watch?v=YgSVbKynZ9o
Aileen — Real Hip Hop,Single/music video,,https://www.youtube.com/watch?v=M34fy-pV-c8
Al-Qasar — Sham System Live on KEXP,Individual live track,,https://www.youtube.com/watch?v=Z4VcqBWfAHI
Amaia: Tiny Desk Concert,Live session,,https://www.youtube.com/watch?v=6tCjflXY9CM
Bad Bunny’s Apple Music Super Bowl LX Halftime Show,Major sports performance,,https://www.youtube.com/watch?v=G6FuWd4wNd8
Barrington Levy Greatest Hits Reggae Mix 2026,Artist mix,,https://www.youtube.com/watch?v=FiaQa_XSgi8
Best Rapper in L.A. Podcast Ep. 98 — Murs,Podcast,,https://www.youtube.com/watch?v=pjiyEWjAmtw
"Best Smooth Jazz — March 7, 2026 — Rod Lucas",Radio/live show,,https://www.youtube.com/watch?v=p2fXJAoFEkw
Building a 2026 Hip Hop Crate Live,Live DJ/curation session,,https://www.youtube.com/watch?v=bOesxaFzbPs
CORTIS — GO! / FaSHioN at 2026 NBA All-Star Celebrity Game,Halftime performance,,https://www.youtube.com/watch?v=o2tZspvsn7k
Charlie Puth Sings the National Anthem at Super Bowl LX,Sports vocal performance,,https://www.youtube.com/watch?v=1MMGgqmD2EQ
Chasing Gold: Milan Cortina 2026 — Episode 4,Sports documentary/profile series,,https://www.youtube.com/watch?v=ph_pydz2qxg
"DJ Khaled, Future, Lil Baby — One of Them",Official single/music video,,https://www.youtube.com/watch?v=7gKpREE5Z3w
DJ Muggs on Crafting the Cypress Hill Sound,Interview/podcast,,https://www.youtube.com/watch?v=oD3xhH3zguA
"DJ Puffy 2026 Soca, Bouyon, Dancehall & Reggae Mega Mix",Multi-genre Caribbean mix,,https://www.youtube.com/watch?v=c46uwsojz7g
Erykah Badu — Hip Hop Jazz Session (2026),Session,,https://www.youtube.com/watch?v=E4oWawD34YI
Exit — Still Here (Official Music Video) — Indie Rock 2026,Single track,,https://www.youtube.com/watch?v=zpm9FHjRZ5o
Famous Movie Soundtracks in Concert 2026 — Live HD,Orchestral concert,,https://www.youtube.com/watch?v=mmToKfjk4gE
"Festival Madness! EDM, Trance & Techno DJ Mix 2026 — Sandro Bani",DJ mix/live set,,https://www.youtube.com/watch?v=JdMsTNGmN5Q
Great Grandpa: Tiny Desk Concert,Live session,,https://www.youtube.com/watch?v=2h59h8xlaCg
HARDY — Favorite Country Song Live at CMA Fest 2026,Live individual track,,https://www.youtube.com/watch?v=ddHXyT994Jg
I Love Miami Remix — Latin House EDM 2026,Single/remix,,https://www.youtube.com/watch?v=93xfPQd0Rmk
Jelly Roll x Carín León — Lighter,Official single/music video,,https://www.youtube.com/watch?v=BapOfHr5iZ4
"Kings of Leon — April 18, 2026 — Miami Hard Rock — Live Concert",Concert,,https://www.youtube.com/watch?v=pi8WMAPWj4c
Live from Lovegrass Music Festival 2026 — Friday,Festival livestream,,https://www.youtube.com/watch?v=-YKY_L_EL7k
"Lorna Shore — Full Set — Live in Madison, April 2026",Full live set,,https://www.youtube.com/watch?v=26DdFXsvOoM
Ludacris — 2026 NBA All-Star Saturday Night Performance,Sports halftime/center-court performance,,https://www.youtube.com/watch?v=FIPrO7cj_Mw
Monsters of Rock 2026 São Paulo — Festival Overview,Highlights/overview,,https://www.youtube.com/watch?v=7RyzULRE6XU
"New Dancehall Mix 2026 Vol. 13 — Vybz Kartel, Popcaan & more",DJ mix,,https://www.youtube.com/watch?v=99Xpo830szQ
"New Dancehall Mix 2026 Vol. 5 — Vybz Kartel, Masicka & more",DJ mix,,https://www.youtube.com/watch?v=OEmzIfEyVGc
Noah Kahan: Tiny Desk Concert,Live session,,https://www.youtube.com/watch?v=M34D3Ktovfw
Popcaan — Insurgent (Muv Edit) — Dancehall 2026,Individual track/edit,,https://www.youtube.com/watch?v=VPqkFp0m658
Queensrÿche Live at Garden Rocks 2026,Concert performance,,https://www.youtube.com/watch?v=aHiptz5upwQ
Sam Barber — Live from Stagecoach 2026,Festival performance,,https://www.youtube.com/watch?v=1QjuC8R1Xh8
Savatage — Live at Sweden Rock 2026 — Full Show,Festival set,,https://www.youtube.com/watch?v=h03-7-O0wNI
Smash The House Radio ep. 657,Radio/podcast mix,,https://www.youtube.com/watch?v=2X3F2Nxy25U
Smooth Jazz & Soul R&B — Best 2026 Instrumental Music,Long-form instrumental mix,,https://www.youtube.com/watch?v=fPmDKRNn3ao
"Smooth Jazz and Soul with DJ Sapphire — June 1, 2026",Radio mix/show,,https://www.youtube.com/watch?v=ommz1qvqaTY
Stars of Tomorrow V — Heifetz 2026 Festival of Concerts,Concert showcase,,https://www.youtube.com/watch?v=ttfi4nCGjy0
"Techno: High-Energy EDM Live DJ Set — Visavis DJ — May 27, 2026",Live DJ set,,https://www.youtube.com/watch?v=6ywlTSiT5Fc
"The Game Responds to EVERYTHING — Kendrick, Drake…",Long-form podcast/interview,,https://www.youtube.com/watch?v=BnJEWTHpfmo
Top 5 Rock ’n’ Roll Documentaries of 2026… So Far,Documentary roundup,,https://www.youtube.com/watch?v=LimOj8qlAg4
Trap Tape #129 — New Hip Hop 2026 Mixtape — DJ Noize,Mixtape,,https://www.youtube.com/watch?v=zH90-1-k1Sg
Until the Sunrise (EDM Song 2026) — Atus Music,Single track,,https://www.youtube.com/watch?v=Iu_tzEg-U-s
"Wednesday — Shaped by Sound — Full Episode, PBS",Artist profile/documentary,,https://www.youtube.com/watch?v=QE2NFJDZKHQ
Wednesday: Tiny Desk Concert,Live session,,https://www.youtube.com/watch?v=TeNMzwoCWSc
Wishbone Ash — Live at Time to Rock Festival 2026 — Full Show,Full festival set,,https://www.youtube.com/watch?v=SYqTMBWzUMg
World Cup 2026 Party Mix — Best EDM Remixes & Mashups,Themed mix,,https://www.youtube.com/watch?v=lyZjIdzSK4c
yeule: Tiny Desk Concert,Intimate live session,,https://www.youtube.com/watch?v=FQMarD0iTII
